[{"model": "notas.nota", "pk": 4, "fields": {"numero": "006806", "data": "2018-04-16", "emitente": "COMERCIO DE MADEIRAS CASTELLA", "descricao": "SARRAFOS", "valor": "203.70", "tipo_gasto": "Materiais", "projeto": "Casa_de_Eventos", "imagem": "notas_compras/006806_Kh4qcuE.jpg", "imagem1": "", "deposito": 7}}, {"model": "notas.nota", "pk": 5, "fields": {"numero": "086893", "data": "2018-04-16", "emitente": "CYDCON COMERCIO", "descricao": "MAT\u00c9RIAS DIVERSOS", "valor": "398.10", "tipo_gasto": "Materiais", "projeto": "Casa_de_Eventos", "imagem": "notas_compras/086893.jpg", "imagem1": "", "deposito": 7}}, {"model": "notas.nota", "pk": 6, "fields": {"numero": "000.0013.393", "data": "2018-04-16", "emitente": "RUB\u00c3O", "descricao": "AREIA MEDIA", "valor": "576.00", "tipo_gasto": "Materiais", "projeto": "Casa_de_Eventos", "imagem": "notas_compras/000.013.393.jpg", "imagem1": "", "deposito": 7}}, {"model": "notas.nota", "pk": 7, "fields": {"numero": "000.122.774", "data": "2018-04-12", "emitente": "ARCELORMITTAL", "descricao": "CAIXAS ARRAMADOS", "valor": "5799.23", "tipo_gasto": "Materiais", "projeto": "Casa_de_Eventos", "imagem": "notas_compras/000.122.774.jpg", "imagem1": "", "deposito": 7}}, {"model": "notas.nota", "pk": 8, "fields": {"numero": "000.070.585", "data": "2018-04-11", "emitente": "CASA DO ENCANADOR", "descricao": "TUBOS, CAIXA DE LUZ", "valor": "220.55", "tipo_gasto": "Materiais", "projeto": "Casa_de_Eventos", "imagem": "notas_compras/000.070.585.jpg", "imagem1": "", "deposito": 7}}, {"model": "notas.nota", "pk": 9, "fields": {"numero": "000.070.670", "data": "2018-04-13", "emitente": "CASA DO ENCANADOR", "descricao": "MATERIAIS DIVERSOS ENCANAMENTO", "valor": "205.23", "tipo_gasto": "Materiais", "projeto": "Casa_de_Eventos", "imagem": "notas_compras/000.070.670.jpg", "imagem1": "", "deposito": 7}}, {"model": "notas.nota", "pk": 10, "fields": {"numero": "RECIBO", "data": "2018-04-13", "emitente": "-", "descricao": "ENCARREGADO RUBENS", "valor": "1600.00", "tipo_gasto": "Funcion\u00e1rios", "projeto": "Casa_de_Eventos", "imagem": "notas_compras/encarregado_Rubens__ejRG0yM.pdf", "imagem1": "", "deposito": 7}}, {"model": "notas.nota", "pk": 11, "fields": {"numero": "RECIBO", "data": "2018-04-13", "emitente": "-", "descricao": "ENCARREGADO EDELSON", "valor": "1600.00", "tipo_gasto": "Funcion\u00e1rios", "projeto": "Casa_de_Eventos", "imagem": "notas_compras/encarregado_Adelson__eVO4Es6.pdf", "imagem1": "", "deposito": 7}}, {"model": "notas.nota", "pk": 12, "fields": {"numero": "RECIBO", "data": "2018-04-13", "emitente": "-", "descricao": "FUNCIONARIOS 09/04 \u00c1 13/04", "valor": "3720.00", "tipo_gasto": "Funcion\u00e1rios", "projeto": "Casa_de_Eventos", "imagem": "notas_compras/recibos_semana_9_\u00e1_13-04-2018.pdf", "imagem1": "", "deposito": 7}}, {"model": "notas.nota", "pk": 13, "fields": {"numero": "RECIBO", "data": "2018-04-13", "emitente": "-", "descricao": "JOEL ELETRICISTA", "valor": "1200.00", "tipo_gasto": "Servi\u00e7os", "projeto": "Casa_de_Eventos", "imagem": "notas_compras/JOEL.jpg", "imagem1": "", "deposito": 7}}, {"model": "notas.nota", "pk": 16, "fields": {"numero": "000.013.405", "data": "2018-04-18", "emitente": "RUB\u00c3O", "descricao": "6 METROS DE AREIA MEDIA", "valor": "576.00", "tipo_gasto": "Materiais", "projeto": "Casa_de_Eventos", "imagem": "notas_compras/rub\u00e3o_areia.jpg", "imagem1": "", "deposito": 7}}, {"model": "notas.nota", "pk": 17, "fields": {"numero": "000.013.406", "data": "2018-04-18", "emitente": "RUB\u00c3O", "descricao": "6 METROS DE PEDRA", "valor": "594.00", "tipo_gasto": "Materiais", "projeto": "Casa_de_Eventos", "imagem": "notas_compras/rubao_pedra.jpg", "imagem1": "", "deposito": 7}}, {"model": "notas.nota", "pk": 18, "fields": {"numero": "000.013.712", "data": "2018-04-18", "emitente": "DNA", "descricao": "BARRA DE ALUMINIO", "valor": "77.70", "tipo_gasto": "Materiais", "projeto": "Casa_de_Eventos", "imagem": "notas_compras/DNA.jpg", "imagem1": "", "deposito": 7}}, {"model": "notas.nota", "pk": 19, "fields": {"numero": "RECIBO", "data": "2018-04-18", "emitente": "GRUPO PACO RECICLAGEM", "descricao": "10 LATAS", "valor": "20.00", "tipo_gasto": "Materiais", "projeto": "Casa_de_Eventos", "imagem": "notas_compras/grupo_paco.jpg", "imagem1": "", "deposito": 7}}, {"model": "notas.nota", "pk": 20, "fields": {"numero": "006528", "data": "2018-04-18", "emitente": "H2OBRA", "descricao": "COMPOUND ADESIVO", "valor": "42.64", "tipo_gasto": "Materiais", "projeto": "Casa_de_Eventos", "imagem": "notas_compras/h2o.jpg", "imagem1": "", "deposito": 7}}, {"model": "notas.nota", "pk": 22, "fields": {"numero": "000.004.797", "data": "2018-04-19", "emitente": "GAGLIARDI & LOPEZ", "descricao": "BOTINA,ENXADA,P\u00c1,PICARETA", "valor": "366.85", "tipo_gasto": "Equipamentos", "projeto": "Casa_de_Eventos", "imagem": "notas_compras/000.004.797.jpg", "imagem1": "", "deposito": 7}}, {"model": "notas.nota", "pk": 24, "fields": {"numero": "000.035.811", "data": "2018-04-18", "emitente": "O GALP\u00c3O", "descricao": "50 SACOS DE CIMENTO", "valor": "875.00", "tipo_gasto": "Materiais", "projeto": "Marina", "imagem": "notas_compras/000.035.811.jpg", "imagem1": "", "deposito": 7}}, {"model": "notas.nota", "pk": 25, "fields": {"numero": "000.035.810", "data": "2018-04-18", "emitente": "O GALP\u00c3O", "descricao": "50 SACOS DE CIMENTO + COLANTE", "valor": "915.00", "tipo_gasto": "Materiais", "projeto": "Casa_de_Eventos", "imagem": "notas_compras/000.035.810.jpg", "imagem1": "", "deposito": 7}}, {"model": "notas.nota", "pk": 26, "fields": {"numero": "000.070.896", "data": "2018-04-20", "emitente": "CASA DO ENCANADOR", "descricao": "CONDUITE", "valor": "126.60", "tipo_gasto": "Materiais", "projeto": "Casa_de_Eventos", "imagem": "notas_compras/000.070.898.pdf", "imagem1": "", "deposito": 7}}, {"model": "notas.nota", "pk": 27, "fields": {"numero": "RECIBO", "data": "2018-04-20", "emitente": "-", "descricao": "FUNCION\u00c1RIOS 16/04 \u00c1 20/04", "valor": "9520.00", "tipo_gasto": "Funcion\u00e1rios", "projeto": "Casa_de_Eventos", "imagem": "", "imagem1": "", "deposito": 7}}, {"model": "notas.nota", "pk": 28, "fields": {"numero": "33989", "data": "0018-02-08", "emitente": "NOGUEIRA", "descricao": "JOELHO DE ESGOTO,CONDUITE", "valor": "15.50", "tipo_gasto": "Materiais", "projeto": "Casa_de_Eventos", "imagem": "notas_compras/Nogueira_Materiais_1550.jpg", "imagem1": "", "deposito": 10}}, {"model": "notas.nota", "pk": 29, "fields": {"numero": "RECIBO", "data": "2018-03-09", "emitente": "PODA DE ARVORE", "descricao": "PODA DE ARVORE", "valor": "200.00", "tipo_gasto": "Materiais", "projeto": "Casa_de_Eventos", "imagem": "notas_compras/CORTE_DE_ARVORE_20000.jpg", "imagem1": "", "deposito": 10}}, {"model": "notas.nota", "pk": 30, "fields": {"numero": "5765", "data": "2018-02-28", "emitente": "DEGRAUS", "descricao": "ALUGUEL MARTELETE,PONTEIRO,TALHADEIRA", "valor": "170.61", "tipo_gasto": "Materiais", "projeto": "Casa_de_Eventos", "imagem": "notas_compras/Degraus_17061.jpg", "imagem1": "", "deposito": 10}}, {"model": "notas.nota", "pk": 31, "fields": {"numero": "5752", "data": "2018-02-26", "emitente": "DEGRAUS", "descricao": "MARTELETE,PONTEIRA,TALHADEIRA", "valor": "330.00", "tipo_gasto": "Materiais", "projeto": "Casa_de_Eventos", "imagem": "notas_compras/Degraus_33000.jpg", "imagem1": "", "deposito": 10}}, {"model": "notas.nota", "pk": 33, "fields": {"numero": "000.004.702", "data": "2018-03-15", "emitente": "GAGLIARDI & LOPEZ", "descricao": "BOTA,DISCO,PLATICO", "valor": "143.33", "tipo_gasto": "Equipamentos", "projeto": "Casa_de_Eventos", "imagem": "notas_compras/G-FIX_14333.jpg", "imagem1": "", "deposito": 10}}, {"model": "notas.nota", "pk": 34, "fields": {"numero": "000.004.642", "data": "2018-02-27", "emitente": "GAGLIARDI & LOPEZ", "descricao": "MARTELO,OCULOS,PREGO,TALHADEIRA. ETC", "valor": "713.75", "tipo_gasto": "Equipamentos", "projeto": "Casa_de_Eventos", "imagem": "notas_compras/Glagliard_e_Lopez_71375.jpg", "imagem1": "", "deposito": 10}}, {"model": "notas.nota", "pk": 35, "fields": {"numero": "000.021.692", "data": "2018-03-09", "emitente": "COMERCIAL INCOP", "descricao": "CIMENTO,COLUNA,BARRA,LUVA", "valor": "848.93", "tipo_gasto": "Materiais", "projeto": "Casa_de_Eventos", "imagem": "notas_compras/FERRO_PRONTO_84893.jpg", "imagem1": "", "deposito": 10}}, {"model": "notas.nota", "pk": 36, "fields": {"numero": "160376", "data": "2018-03-09", "emitente": "GRANVILLE", "descricao": "BOTA PVC", "valor": "21.00", "tipo_gasto": "Equipamentos", "projeto": "Casa_de_Eventos", "imagem": "notas_compras/Granville_Equipamentos_2100.jpg", "imagem1": "", "deposito": 10}}, {"model": "notas.nota", "pk": 37, "fields": {"numero": "5770", "data": "2018-03-08", "emitente": "GRANVILLE", "descricao": "BOTA,BOTINA,LUVA", "valor": "499.00", "tipo_gasto": "Equipamentos", "projeto": "Casa_de_Eventos", "imagem": "notas_compras/Granville_Equipamentos_49900.jpg", "imagem1": "", "deposito": 10}}, {"model": "notas.nota", "pk": 38, "fields": {"numero": "RECIBO", "data": "2018-03-07", "emitente": "GRUPO PACO RECICLAGEM", "descricao": "LATAS", "valor": "16.00", "tipo_gasto": "Materiais", "projeto": "Casa_de_Eventos", "imagem": "notas_compras/Grupo_paco_reciclagem_1600.jpg", "imagem1": "", "deposito": 10}}, {"model": "notas.nota", "pk": 39, "fields": {"numero": "000.004.667", "data": "2018-03-07", "emitente": "GAGLIARDI & LOPEZ", "descricao": "CABO,ESPUMA,MANGUEIRA,P\u00c1,PREGO", "valor": "597.69", "tipo_gasto": "Equipamentos", "projeto": "Casa_de_Eventos", "imagem": "notas_compras/g-fix_59769.pdf", "imagem1": "", "deposito": 10}}, {"model": "notas.nota", "pk": 40, "fields": {"numero": "014787", "data": "2018-03-06", "emitente": "DANIEL BRUNO", "descricao": "TUBO,FERRO,COLA", "valor": "392.50", "tipo_gasto": "Materiais", "projeto": "Casa_de_Eventos", "imagem": "notas_compras/Daniel_Bruno_39250.jpg", "imagem1": "", "deposito": 10}}, {"model": "notas.nota", "pk": 41, "fields": {"numero": "33847", "data": "2018-03-07", "emitente": "NOGUEIRA MATERIAIS", "descricao": "ESGOTO,PINO,MACHO,FEMEA", "valor": "57.00", "tipo_gasto": "Materiais", "projeto": "Casa_de_Eventos", "imagem": "notas_compras/Nogueira_Materiais_5700.jpg", "imagem1": "", "deposito": 10}}, {"model": "notas.nota", "pk": 42, "fields": {"numero": "TRNSFERENCIA", "data": "2018-02-26", "emitente": "-", "descricao": "PAGAMENTO DOUGLAS \"PASCOA\"", "valor": "2000.00", "tipo_gasto": "Servi\u00e7os", "projeto": "Casa_de_Eventos", "imagem": "notas_compras/Transferencia_2.00000.jpg", "imagem1": "", "deposito": 10}}, {"model": "notas.nota", "pk": 43, "fields": {"numero": "RECIBO", "data": "2018-03-02", "emitente": "SERRALHERIA NOVA JERUSALEM", "descricao": "CARRINHO DE M\u00c3O", "valor": "350.00", "tipo_gasto": "Equipamentos", "projeto": "Casa_de_Eventos", "imagem": "notas_compras/seralheria_Jerusalem_15000.jpg", "imagem1": "", "deposito": 10}}, {"model": "notas.nota", "pk": 44, "fields": {"numero": "RECOBO", "data": "2018-03-05", "emitente": "DANIEL", "descricao": "CORTE DE ARVORE", "valor": "150.00", "tipo_gasto": "Servi\u00e7os", "projeto": "Casa_de_Eventos", "imagem": "notas_compras/remo\u00e7\u00e3o_arvore_15000.jpg", "imagem1": "", "deposito": 10}}, {"model": "notas.nota", "pk": 45, "fields": {"numero": "RECIBO 0039", "data": "2018-02-15", "emitente": "DEGRAUS", "descricao": "LOCA\u00c7\u00c3O MARTELETE", "valor": "123.00", "tipo_gasto": "Materiais", "projeto": "Casa_de_Eventos", "imagem": "notas_compras/Degraus_12300.jpeg", "imagem1": "", "deposito": 10}}, {"model": "notas.nota", "pk": 46, "fields": {"numero": "000.013.179", "data": "2018-03-02", "emitente": "RUB\u00c3O", "descricao": "AREIA MEDIA", "valor": "576.00", "tipo_gasto": "Materiais", "projeto": "Casa_de_Eventos", "imagem": "notas_compras/rubao_57600.pdf", "imagem1": "", "deposito": 10}}, {"model": "notas.nota", "pk": 47, "fields": {"numero": "000.013.188", "data": "2018-03-02", "emitente": "RUB\u00c3O", "descricao": "PEDRA", "valor": "312.00", "tipo_gasto": "Materiais", "projeto": "Casa_de_Eventos", "imagem": "notas_compras/rubao_31200.pdf", "imagem1": "", "deposito": 10}}, {"model": "notas.nota", "pk": 48, "fields": {"numero": "32898", "data": "2018-02-26", "emitente": "NOGUEIRA MATERIAIS", "descricao": "COLA PVC,PRENSA,MODULAR,LUVA,BROXA", "valor": "67.60", "tipo_gasto": "Materiais", "projeto": "Casa_de_Eventos", "imagem": "notas_compras/Nogueira_Materiais_6760.jpg", "imagem1": "", "deposito": 10}}, {"model": "notas.nota", "pk": 49, "fields": {"numero": "110690", "data": "2018-02-19", "emitente": "AUTO POSTO", "descricao": "GASOLINA CAMINH\u00c3O MUNCK", "valor": "100.00", "tipo_gasto": "Servi\u00e7os", "projeto": "Casa_de_Eventos", "imagem": "notas_compras/Gasolina_10000.jpg", "imagem1": "", "deposito": 10}}, {"model": "notas.nota", "pk": 50, "fields": {"numero": "000.013.442", "data": "0056-04-07", "emitente": "DNA", "descricao": "FREIO,REBITADOR,BROCA", "valor": "74.56", "tipo_gasto": "Materiais", "projeto": "Casa_de_Eventos", "imagem": "notas_compras/DNA_7456.jpg", "imagem1": "", "deposito": 10}}, {"model": "notas.nota", "pk": 51, "fields": {"numero": "RECIBO", "data": "2018-02-27", "emitente": "CYDCON COMERCIO", "descricao": "LAMPADA,TORNEIRA,CADEADO,CORRENTE", "valor": "66.25", "tipo_gasto": "Materiais", "projeto": "Casa_de_Eventos", "imagem": "notas_compras/Cydcon_6625.jpg", "imagem1": "", "deposito": 10}}, {"model": "notas.nota", "pk": 52, "fields": {"numero": "33226", "data": "2018-03-01", "emitente": "NOGUEIRA MATERIAIS", "descricao": "PE DE CABRA,TRINCHA,LAPIS", "valor": "38.50", "tipo_gasto": "Equipamentos", "projeto": "Casa_de_Eventos", "imagem": "notas_compras/Nogueira_Mateiais_3850.jpg", "imagem1": "", "deposito": 10}}, {"model": "notas.nota", "pk": 53, "fields": {"numero": "RECIBO", "data": "2018-03-01", "emitente": "MAR MATOS", "descricao": "LINHO BOTINHO", "valor": "18.00", "tipo_gasto": "Materiais", "projeto": "Casa_de_Eventos", "imagem": "notas_compras/Mar_Matos_1800.jpg", "imagem1": "", "deposito": 10}}, {"model": "notas.nota", "pk": 54, "fields": {"numero": "33018", "data": "2018-02-28", "emitente": "NOGUEIRA MATERIAIS", "descricao": "ADESIVO PVC,LIXA", "valor": "6.00", "tipo_gasto": "Materiais", "projeto": "Casa_de_Eventos", "imagem": "notas_compras/Nogueira_Materiais_600.jpg", "imagem1": "", "deposito": 10}}, {"model": "notas.nota", "pk": 55, "fields": {"numero": "31019", "data": "2018-02-28", "emitente": "NOGUEIRA MATERIAIS", "descricao": "PREGO", "valor": "13.00", "tipo_gasto": "Materiais", "projeto": "Casa_de_Eventos", "imagem": "notas_compras/Nogueira_Materiais_1300.jpg", "imagem1": "", "deposito": 10}}, {"model": "notas.nota", "pk": 56, "fields": {"numero": "36022", "data": "2018-03-02", "emitente": "MALLETINTAS", "descricao": "VIAPOX ADEVISO 1KG", "valor": "45.00", "tipo_gasto": "Materiais", "projeto": "Casa_de_Eventos", "imagem": "notas_compras/Malletintas_4500.jpg", "imagem1": "", "deposito": 10}}, {"model": "notas.nota", "pk": 57, "fields": {"numero": "36821", "data": "2018-03-02", "emitente": "MALLETINTAS", "descricao": "ESCOVA,TRINCHA,TH7", "valor": "56.00", "tipo_gasto": "Materiais", "projeto": "Casa_de_Eventos", "imagem": "notas_compras/Malletintas_5600.jpg", "imagem1": "", "deposito": 10}}, {"model": "notas.nota", "pk": 58, "fields": {"numero": "000.021.574", "data": "2018-03-02", "emitente": "COMERCIAL INCOP", "descricao": "CIMENTO,CAL,ARAME,COLUNA,SAPATA,TIJOLINHO", "valor": "2492.31", "tipo_gasto": "Materiais", "projeto": "Casa_de_Eventos", "imagem": "notas_compras/ferro_pronto_249231.jpg", "imagem1": "", "deposito": 10}}, {"model": "notas.nota", "pk": 59, "fields": {"numero": "000.012.026", "data": "2018-03-05", "emitente": "DIMENS\u00c3O", "descricao": "BLOCO DE CONCRETO", "valor": "1500.00", "tipo_gasto": "Materiais", "projeto": "Casa_de_Eventos", "imagem": "notas_compras/dimensao_150000.pdf", "imagem1": "", "deposito": 10}}, {"model": "notas.nota", "pk": 60, "fields": {"numero": "RECIBO", "data": "2018-03-09", "emitente": "-", "descricao": "FUNCIONARIO 05/03 \u00c1 09/03", "valor": "1740.00", "tipo_gasto": "Funcion\u00e1rios", "projeto": "Casa_de_Eventos", "imagem": "", "imagem1": "", "deposito": 10}}, {"model": "notas.nota", "pk": 61, "fields": {"numero": "RECIBO", "data": "2018-03-02", "emitente": "-", "descricao": "FUNCION\u00c1RIOS 26/02 \u00c1 02/03", "valor": "1260.00", "tipo_gasto": "Funcion\u00e1rios", "projeto": "Casa_de_Eventos", "imagem": "", "imagem1": "", "deposito": 10}}, {"model": "notas.nota", "pk": 63, "fields": {"numero": "RECIBO", "data": "2018-02-23", "emitente": "-", "descricao": "FUNCION\u00c1RIOS 19/02 \u00c1 23/02", "valor": "1140.00", "tipo_gasto": "Funcion\u00e1rios", "projeto": "Casa_de_Eventos", "imagem": "", "imagem1": "", "deposito": 10}}, {"model": "notas.nota", "pk": 64, "fields": {"numero": "000.004.683", "data": "2018-03-08", "emitente": "GAGLIARDI & LOPEZ", "descricao": "BOTINA", "valor": "38.40", "tipo_gasto": "Equipamentos", "projeto": "Casa_de_Eventos", "imagem": "notas_compras/g-fix_3840.pdf", "imagem1": "", "deposito": 10}}, {"model": "notas.nota", "pk": 65, "fields": {"numero": "000.013.335", "data": "2018-04-04", "emitente": "RUB\u00c3O", "descricao": "PEDRA", "valor": "594.00", "tipo_gasto": "Materiais", "projeto": "Casa_de_Eventos", "imagem": "notas_compras/RUB\u00c3O_PEDRA_59400.jpg", "imagem1": "", "deposito": 11}}, {"model": "notas.nota", "pk": 66, "fields": {"numero": "000.012.199", "data": "2018-04-04", "emitente": "DIMENS\u00c3O", "descricao": "BLOCO DE CONCRETO 1600 UNIDADES", "valor": "2268.00", "tipo_gasto": "Materiais", "projeto": "Casa_de_Eventos", "imagem": "notas_compras/DIMENS\u00c3O_2.26800.jpg", "imagem1": "", "deposito": 11}}, {"model": "notas.nota", "pk": 67, "fields": {"numero": "000.024.737", "data": "2018-03-27", "emitente": "FERROPRONTO", "descricao": "CIMENTO,CAL,ARAME,BARRA", "valor": "1050.60", "tipo_gasto": "Materiais", "projeto": "Casa_de_Eventos", "imagem": "notas_compras/FERRO_PRONTO_1.05060.jpg", "imagem1": "", "deposito": 11}}, {"model": "notas.nota", "pk": 68, "fields": {"numero": "000.004.720", "data": "2018-03-22", "emitente": "GAGLIARDI & LOPEZ", "descricao": "FIO,PINO", "valor": "267.65", "tipo_gasto": "Materiais", "projeto": "Casa_de_Eventos", "imagem": "notas_compras/GAGLIARD_26765.jpg", "imagem1": "", "deposito": 11}}, {"model": "notas.nota", "pk": 69, "fields": {"numero": "10911", "data": "2018-03-26", "emitente": "POLIMIX", "descricao": "CONCRETO", "valor": "4625.00", "tipo_gasto": "Materiais", "projeto": "Casa_de_Eventos", "imagem": "notas_compras/POLIMIX_4.62500.jpg", "imagem1": "", "deposito": 11}}, {"model": "notas.nota", "pk": 70, "fields": {"numero": "000.004.740", "data": "2018-04-02", "emitente": "GAGLIARDI & LOPEZ", "descricao": "LONA", "valor": "69.57", "tipo_gasto": "Equipamentos", "projeto": "Casa_de_Eventos", "imagem": "notas_compras/GAGLIARD_6957.jpg", "imagem1": "", "deposito": 11}}, {"model": "notas.nota", "pk": 71, "fields": {"numero": "000.024.734", "data": "2018-03-26", "emitente": "FERROPRONTO", "descricao": "CAL,CIMENTO", "valor": "353.00", "tipo_gasto": "Materiais", "projeto": "Casa_de_Eventos", "imagem": "notas_compras/FERRO_PRONTO_35300.jpg", "imagem1": "", "deposito": 11}}, {"model": "notas.nota", "pk": 72, "fields": {"numero": "014932", "data": "2018-03-26", "emitente": "DANIEL BRUNO", "descricao": "TUBO ESGOTO", "valor": "130.50", "tipo_gasto": "Materiais", "projeto": "Casa_de_Eventos", "imagem": "notas_compras/DANIEL_BRUNO_13050.jpg", "imagem1": "", "deposito": 11}}, {"model": "notas.nota", "pk": 73, "fields": {"numero": "10919", "data": "2018-03-26", "emitente": "POLIMIX", "descricao": "BOMBA", "valor": "500.00", "tipo_gasto": "Materiais", "projeto": "Casa_de_Eventos", "imagem": "notas_compras/POLIMIX_50000.jpg", "imagem1": "", "deposito": 11}}, {"model": "notas.nota", "pk": 74, "fields": {"numero": "000.013.276", "data": "2018-03-26", "emitente": "RUB\u00c3O", "descricao": "AREIA MEDIA 6 METROS", "valor": "576.00", "tipo_gasto": "Materiais", "projeto": "Casa_de_Eventos", "imagem": "notas_compras/RUB\u00c3O_57600.jpg", "imagem1": "", "deposito": 11}}, {"model": "notas.nota", "pk": 75, "fields": {"numero": "RECIBO", "data": "2018-03-26", "emitente": "MAR MATOS", "descricao": "BOTINHO 2 unidades", "valor": "36.00", "tipo_gasto": "Materiais", "projeto": "Casa_de_Eventos", "imagem": "notas_compras/MAR-MATOS_3600.jpg", "imagem1": "", "deposito": 11}}, {"model": "notas.nota", "pk": 76, "fields": {"numero": "020683", "data": "2018-03-22", "emitente": "BELUZ", "descricao": "KANAFLEX,ADTEX", "valor": "160.00", "tipo_gasto": "Materiais", "projeto": "Casa_de_Eventos", "imagem": "notas_compras/BELUZ_16000.jpg", "imagem1": "", "deposito": 11}}, {"model": "notas.nota", "pk": 77, "fields": {"numero": "000.069.960", "data": "2018-03-23", "emitente": "CASA DO ENCANADOR", "descricao": "LUVA,CAIXA DE LUZ", "valor": "118.40", "tipo_gasto": "Materiais", "projeto": "Casa_de_Eventos", "imagem": "notas_compras/CASA_DO_ENCANADOR_11840.jpg", "imagem1": "", "deposito": 11}}, {"model": "notas.nota", "pk": 78, "fields": {"numero": "000.069.950", "data": "2018-03-23", "emitente": "CASA DO ENCANADOR", "descricao": "MATERIAIS DIVERSOS DE HIDRAULICA", "valor": "666.63", "tipo_gasto": "Materiais", "projeto": "Casa_de_Eventos", "imagem": "notas_compras/CASA_DO_ENCANADOR_66663.jpg", "imagem1": "", "deposito": 11}}, {"model": "notas.nota", "pk": 79, "fields": {"numero": "000.013.249", "data": "2018-03-21", "emitente": "RUB\u00c3O", "descricao": "PEDRA", "valor": "594.00", "tipo_gasto": "Materiais", "projeto": "Casa_de_Eventos", "imagem": "notas_compras/RUB\u00c3O_59400.jpg", "imagem1": "", "deposito": 11}}, {"model": "notas.nota", "pk": 80, "fields": {"numero": "000.021.852", "data": "2018-03-21", "emitente": "COMERCIAL INCOP", "descricao": "MALHA MEDIA", "valor": "1183.88", "tipo_gasto": "Materiais", "projeto": "Casa_de_Eventos", "imagem": "notas_compras/COMERCIAL_INCOP_1.18388.jpg", "imagem1": "", "deposito": 11}}, {"model": "notas.nota", "pk": 81, "fields": {"numero": "000.012.087", "data": "2018-03-16", "emitente": "DIMENS\u00c3O", "descricao": "BLOCO DE CONCRETO", "valor": "768.00", "tipo_gasto": "Materiais", "projeto": "Casa_de_Eventos", "imagem": "notas_compras/DIMENS\u00c3O_76800.jpg", "imagem1": "", "deposito": 11}}, {"model": "notas.nota", "pk": 82, "fields": {"numero": "000.021.778", "data": "2018-03-16", "emitente": "COMERCIAL INCOP", "descricao": "COLUNAS,PREGOS", "valor": "575.50", "tipo_gasto": "Materiais", "projeto": "Casa_de_Eventos", "imagem": "notas_compras/COMERCIAL_INCOP_57550.jpg", "imagem1": "", "deposito": 11}}, {"model": "notas.nota", "pk": 83, "fields": {"numero": "002444", "data": "2018-03-15", "emitente": "DICICO", "descricao": "BIANCO 18LITROS", "valor": "151.90", "tipo_gasto": "Materiais", "projeto": "Casa_de_Eventos", "imagem": "notas_compras/DICICO_15190.jpg", "imagem1": "", "deposito": 11}}, {"model": "notas.nota", "pk": 84, "fields": {"numero": "000.000.089", "data": "2018-03-15", "emitente": "NOGUEIRA MATERIAIS", "descricao": "JUN\u00c7\u00c3O,JOELHO,CIMENTO", "valor": "233.55", "tipo_gasto": "Materiais", "projeto": "Casa_de_Eventos", "imagem": "notas_compras/NOGUEIRA_23355.jpg", "imagem1": "", "deposito": 11}}, {"model": "notas.nota", "pk": 85, "fields": {"numero": "000.013.535", "data": "2018-03-15", "emitente": "DNA", "descricao": "TUBA BRILHANTE", "valor": "77.00", "tipo_gasto": "Materiais", "projeto": "Casa_de_Eventos", "imagem": "notas_compras/DNA_7700.jpg", "imagem1": "", "deposito": 11}}, {"model": "notas.nota", "pk": 86, "fields": {"numero": "000.024.716", "data": "2018-03-14", "emitente": "FERROPRONTO", "descricao": "SAPATA,CADEADO", "valor": "39.89", "tipo_gasto": "Materiais", "projeto": "Casa_de_Eventos", "imagem": "notas_compras/FERROPRONTO_3989.jpg", "imagem1": "", "deposito": 11}}, {"model": "notas.nota", "pk": 87, "fields": {"numero": "RECIBO", "data": "2018-03-14", "emitente": "-", "descricao": "ENCARREGADO EDELSON", "valor": "1600.00", "tipo_gasto": "Funcion\u00e1rios", "projeto": "Casa_de_Eventos", "imagem": "", "imagem1": "", "deposito": 11}}, {"model": "notas.nota", "pk": 88, "fields": {"numero": "RECIBO", "data": "2018-03-14", "emitente": "-", "descricao": "ENCARREGADO RUBENS", "valor": "1600.00", "tipo_gasto": "Funcion\u00e1rios", "projeto": "Casa_de_Eventos", "imagem": "", "imagem1": "", "deposito": 11}}, {"model": "notas.nota", "pk": 89, "fields": {"numero": "RECIBO", "data": "2018-03-28", "emitente": "-", "descricao": "MANOEL SERVI\u00c7O DE ENCANAMENTO", "valor": "600.00", "tipo_gasto": "Servi\u00e7os", "projeto": "Casa_de_Eventos", "imagem": "", "imagem1": "", "deposito": 11}}, {"model": "notas.nota", "pk": 90, "fields": {"numero": "000.004.725", "data": "2018-03-23", "emitente": "GAGLIARDI & LOPEZ", "descricao": "BOTA,KRONA,TESOURA", "valor": "181.35", "tipo_gasto": "Equipamentos", "projeto": "Casa_de_Eventos", "imagem": "notas_compras/GAGLIARD_18135.jpg", "imagem1": "", "deposito": 11}}, {"model": "notas.nota", "pk": 91, "fields": {"numero": "000.004.721", "data": "2018-03-22", "emitente": "GAGLIARDI & LOPEZ", "descricao": "CAPA DE CHUVA", "valor": "132.06", "tipo_gasto": "Equipamentos", "projeto": "Casa_de_Eventos", "imagem": "notas_compras/GAGLIARD_13206.jpg", "imagem1": "", "deposito": 11}}, {"model": "notas.nota", "pk": 92, "fields": {"numero": "000.004.730", "data": "2018-03-27", "emitente": "GAGLIARDI & LOPEZ", "descricao": "CORTADOR,ESTILETE,LAMINA,LAPIS E TRENA", "valor": "36.12", "tipo_gasto": "Equipamentos", "projeto": "Casa_de_Eventos", "imagem": "notas_compras/GAGLIARDI_3612.jpg", "imagem1": "", "deposito": 11}}, {"model": "notas.nota", "pk": 93, "fields": {"numero": "000.004.703", "data": "2018-03-15", "emitente": "GAGLIARDI & LOPEZ", "descricao": "MACHADINHA,MACHADO", "valor": "65.26", "tipo_gasto": "Equipamentos", "projeto": "Casa_de_Eventos", "imagem": "notas_compras/GAGLIARDI_6526.jpg", "imagem1": "", "deposito": 11}}, {"model": "notas.nota", "pk": 94, "fields": {"numero": "000.004.707", "data": "2018-03-19", "emitente": "GAGLIARDI & LOPEZ", "descricao": "DISCO,ENXADA,P\u00c1", "valor": "117.67", "tipo_gasto": "Equipamentos", "projeto": "Casa_de_Eventos", "imagem": "notas_compras/GAGLIARDI_17767.jpg", "imagem1": "", "deposito": 11}}, {"model": "notas.nota", "pk": 95, "fields": {"numero": "RECIBO", "data": "2018-03-22", "emitente": "SERRALHERIA NOVA JERUSALEM", "descricao": "CARRINHO DE M\u00c3O", "valor": "350.00", "tipo_gasto": "Equipamentos", "projeto": "Casa_de_Eventos", "imagem": "notas_compras/SERRALHERIA_JERUSALEM_35000.jpg", "imagem1": "", "deposito": 11}}, {"model": "notas.nota", "pk": 96, "fields": {"numero": "RECIBO", "data": "2018-03-21", "emitente": "-", "descricao": "PAGAMENTO 50% CALHAS", "valor": "3592.00", "tipo_gasto": "Servi\u00e7os", "projeto": "Casa_de_Eventos", "imagem": "", "imagem1": "", "deposito": 11}}, {"model": "notas.nota", "pk": 97, "fields": {"numero": "RECIBO", "data": "2018-03-28", "emitente": "-", "descricao": "ENCARREGADO RUBENS", "valor": "2400.00", "tipo_gasto": "Servi\u00e7os", "projeto": "Casa_de_Eventos", "imagem": "", "imagem1": "", "deposito": 11}}, {"model": "notas.nota", "pk": 98, "fields": {"numero": "RECIBO", "data": "2018-03-28", "emitente": "-", "descricao": "ENCARREGADO EDELSON", "valor": "2400.00", "tipo_gasto": "Servi\u00e7os", "projeto": "Casa_de_Eventos", "imagem": "", "imagem1": "", "deposito": 11}}, {"model": "notas.nota", "pk": 99, "fields": {"numero": "RECIBO", "data": "2018-03-16", "emitente": "-", "descricao": "FUNCIONARIO 12/03 \u00e1 16/03", "valor": "2500.00", "tipo_gasto": "Servi\u00e7os", "projeto": "Casa_de_Eventos", "imagem": "", "imagem1": "", "deposito": 11}}, {"model": "notas.nota", "pk": 100, "fields": {"numero": "RECIBO", "data": "2018-03-23", "emitente": "-", "descricao": "FUNCION\u00c1RIO 19/03 \u00c1 23/03", "valor": "1890.00", "tipo_gasto": "Funcion\u00e1rios", "projeto": "Casa_de_Eventos", "imagem": "", "imagem1": "", "deposito": 11}}, {"model": "notas.nota", "pk": 101, "fields": {"numero": "RECIBO", "data": "2018-03-19", "emitente": "-", "descricao": "FUNCIONARIOS 17/03 E 18/03 (SABADO E DOMINGO) LIMPEZA OBRA", "valor": "1200.00", "tipo_gasto": "Funcion\u00e1rios", "projeto": "Casa_de_Eventos", "imagem": "", "imagem1": "", "deposito": 11}}, {"model": "notas.nota", "pk": 102, "fields": {"numero": "RECIBO", "data": "2018-03-29", "emitente": "-", "descricao": "FUNCIONARIOS 26/03 \u00c1 29/03", "valor": "2400.00", "tipo_gasto": "Funcion\u00e1rios", "projeto": "Casa_de_Eventos", "imagem": "", "imagem1": "", "deposito": 11}}, {"model": "notas.nota", "pk": 103, "fields": {"numero": "RECIBO", "data": "2018-03-27", "emitente": "-", "descricao": "SERVI\u00c7O DE CONCRETAGEM 1 DIARIA", "valor": "360.00", "tipo_gasto": "Funcion\u00e1rios", "projeto": "Casa_de_Eventos", "imagem": "", "imagem1": "", "deposito": 11}}, {"model": "notas.nota", "pk": 104, "fields": {"numero": "DEBITO", "data": "2018-03-14", "emitente": "-", "descricao": "VALOR QUE ULTRAPASSOU DEPOSITO ANTERIOR", "valor": "1171.93", "tipo_gasto": "Servi\u00e7os", "projeto": "Casa_de_Eventos", "imagem": "", "imagem1": "", "deposito": 11}}, {"model": "notas.nota", "pk": 105, "fields": {"numero": "000.004.740", "data": "2018-04-02", "emitente": "GAGLIARDI & LOPEZ", "descricao": "LONA PLASTICA", "valor": "69.57", "tipo_gasto": "Materiais", "projeto": "Casa_de_Eventos", "imagem": "notas_compras/GAGLIARD_E_LOPEZ_6957.jpg", "imagem1": "", "deposito": 12}}, {"model": "notas.nota", "pk": 106, "fields": {"numero": "000.024.754", "data": "2018-04-03", "emitente": "FERROPRONTO", "descricao": "ESPA\u00c7ADOR,BARRA DE FERRO,MALHA,ARAME", "valor": "2986.01", "tipo_gasto": "Materiais", "projeto": "Casa_de_Eventos", "imagem": "notas_compras/FERRO_PRONTO_2.98601.jpg", "imagem1": "", "deposito": 12}}, {"model": "notas.nota", "pk": 107, "fields": {"numero": "000.013.294", "data": "2018-04-03", "emitente": "RUB\u00c3O", "descricao": "AREIA MEDIA 6 METROS", "valor": "576.00", "tipo_gasto": "Materiais", "projeto": "Casa_de_Eventos", "imagem": "notas_compras/RUB\u00c3O_57600_rERZPwH.jpg", "imagem1": "", "deposito": 12}}, {"model": "notas.nota", "pk": 108, "fields": {"numero": "000.013.297", "data": "2018-04-03", "emitente": "RUB\u00c3O", "descricao": "PEDRA", "valor": "594.00", "tipo_gasto": "Materiais", "projeto": "Casa_de_Eventos", "imagem": "notas_compras/RUB\u00c3O_PEDRA_59400_rK3iI8c.jpg", "imagem1": "", "deposito": 12}}, {"model": "notas.nota", "pk": 109, "fields": {"numero": "000.024.753", "data": "2018-04-03", "emitente": "FERROPRONTO", "descricao": "CIMENTO,PREGOS", "valor": "1142.50", "tipo_gasto": "Materiais", "projeto": "Casa_de_Eventos", "imagem": "notas_compras/FERRO_PRONTO1.14250.jpg", "imagem1": "", "deposito": 12}}, {"model": "notas.nota", "pk": 110, "fields": {"numero": "1000", "data": "2018-04-03", "emitente": "NOGUEIRA MATERIAIS", "descricao": "TUBO ESGOTO,JOELHO,PREGO", "valor": "38.50", "tipo_gasto": "Materiais", "projeto": "Casa_de_Eventos", "imagem": "notas_compras/NOGUEIRA_3850.jpg", "imagem1": "", "deposito": 12}}, {"model": "notas.nota", "pk": 111, "fields": {"numero": "000.012.212", "data": "2018-04-05", "emitente": "DIMENS\u00c3O", "descricao": "BLOCO DE CONCRETO", "valor": "1300.00", "tipo_gasto": "Materiais", "projeto": "Casa_de_Eventos", "imagem": "notas_compras/DIMENS\u00c3O_1.300.jpg", "imagem1": "", "deposito": 12}}, {"model": "notas.deposito", "pk": 7, "fields": {"data": "2018-04-10", "valor": "30000.00", "comentarios": ""}}, {"model": "notas.deposito", "pk": 10, "fields": {"data": "2018-02-20", "valor": "15000.00", "comentarios": ""}}, {"model": "notas.deposito", "pk": 11, "fields": {"data": "2018-03-13", "valor": "35000.00", "comentarios": "JUNTAMOS DEPOSITO DIA 13/03 - 20.000,00 + DEPOSITO 23/03 - 15.000,00"}}, {"model": "notas.deposito", "pk": 12, "fields": {"data": "2018-03-25", "valor": "25000.00", "comentarios": ""}}, {"model": "contenttypes.contenttype", "pk": 1, "fields": {"app_label": "admin", "model": "logentry"}}, {"model": "contenttypes.contenttype", "pk": 2, "fields": {"app_label": "auth", "model": "group"}}, {"model": "contenttypes.contenttype", "pk": 3, "fields": {"app_label": "auth", "model": "user"}}, {"model": "contenttypes.contenttype", "pk": 4, "fields": {"app_label": "auth", "model": "permission"}}, {"model": "contenttypes.contenttype", "pk": 5, "fields": {"app_label": "contenttypes", "model": "contenttype"}}, {"model": "contenttypes.contenttype", "pk": 6, "fields": {"app_label": "sessions", "model": "session"}}, {"model": "contenttypes.contenttype", "pk": 7, "fields": {"app_label": "notas", "model": "nota"}}, {"model": "contenttypes.contenttype", "pk": 8, "fields": {"app_label": "notas", "model": "deposito"}}, {"model": "contenttypes.contenttype", "pk": 9, "fields": {"app_label": "notas", "model": "userquery"}}, {"model": "sessions.session", "pk": "4zaj3b1yx4bdcyuzo1yryf4mq0ahzd4x", "fields": {"session_data": "OTViNzQzZGQ0ZTkwY2QzZWQzNzM1ZmE4ZTIxMjhmMWM2MjJlZTI4ZTp7Il9hdXRoX3VzZXJfaWQiOiIxIiwiX2F1dGhfdXNlcl9oYXNoIjoiOTEyNGYwMWY0MjFlMTJmOTk5YjBjYjI5NDZiNGVmNThhMWY2ZTMxOCIsIl9hdXRoX3VzZXJfYmFja2VuZCI6ImRqYW5nby5jb250cmliLmF1dGguYmFja2VuZHMuTW9kZWxCYWNrZW5kIn0=", "expire_date": "2018-05-01T17:30:37.911Z"}}, {"model": "sessions.session", "pk": "9oklxcyz2ktv0e18h4oqlk6pierjl5ib", "fields": {"session_data": "OTViNzQzZGQ0ZTkwY2QzZWQzNzM1ZmE4ZTIxMjhmMWM2MjJlZTI4ZTp7Il9hdXRoX3VzZXJfaWQiOiIxIiwiX2F1dGhfdXNlcl9oYXNoIjoiOTEyNGYwMWY0MjFlMTJmOTk5YjBjYjI5NDZiNGVmNThhMWY2ZTMxOCIsIl9hdXRoX3VzZXJfYmFja2VuZCI6ImRqYW5nby5jb250cmliLmF1dGguYmFja2VuZHMuTW9kZWxCYWNrZW5kIn0=", "expire_date": "2018-05-01T20:21:13.986Z"}}, {"model": "sessions.session", "pk": "dtnqrz0eko36zl9v42d743f1min7fwek", "fields": {"session_data": "YjIyNDUyYzA0YmQ5MDJmOWM5MTFkZDliZDc0MWZiMmZhNmM5NzgxNTp7Il9hdXRoX3VzZXJfYmFja2VuZCI6ImRqYW5nby5jb250cmliLmF1dGguYmFja2VuZHMuTW9kZWxCYWNrZW5kIiwiX2F1dGhfdXNlcl9pZCI6IjIiLCJfYXV0aF91c2VyX2hhc2giOiJjZTEyOTQ4OWMzODlmZGRiN2VjNmZkYmEwMmQ3NWRiNTVlMGEyODFhIn0=", "expire_date": "2018-05-06T05:19:47.818Z"}}, {"model": "sessions.session", "pk": "nf2hmjc7vh07nx3qxwixvebrvxp6tsu1", "fields": {"session_data": "OTViNzQzZGQ0ZTkwY2QzZWQzNzM1ZmE4ZTIxMjhmMWM2MjJlZTI4ZTp7Il9hdXRoX3VzZXJfaWQiOiIxIiwiX2F1dGhfdXNlcl9oYXNoIjoiOTEyNGYwMWY0MjFlMTJmOTk5YjBjYjI5NDZiNGVmNThhMWY2ZTMxOCIsIl9hdXRoX3VzZXJfYmFja2VuZCI6ImRqYW5nby5jb250cmliLmF1dGguYmFja2VuZHMuTW9kZWxCYWNrZW5kIn0=", "expire_date": "2018-05-02T02:03:21.710Z"}}, {"model": "sessions.session", "pk": "xcgvwrjikpjs4zcpgmea6rb9t3xq9yka", "fields": {"session_data": "OTViNzQzZGQ0ZTkwY2QzZWQzNzM1ZmE4ZTIxMjhmMWM2MjJlZTI4ZTp7Il9hdXRoX3VzZXJfaWQiOiIxIiwiX2F1dGhfdXNlcl9oYXNoIjoiOTEyNGYwMWY0MjFlMTJmOTk5YjBjYjI5NDZiNGVmNThhMWY2ZTMxOCIsIl9hdXRoX3VzZXJfYmFja2VuZCI6ImRqYW5nby5jb250cmliLmF1dGguYmFja2VuZHMuTW9kZWxCYWNrZW5kIn0=", "expire_date": "2018-05-01T16:00:37.508Z"}}, {"model": "auth.permission", "pk": 1, "fields": {"name": "Can add log entry", "content_type": 1, "codename": "add_logentry"}}, {"model": "auth.permission", "pk": 2, "fields": {"name": "Can change log entry", "content_type": 1, "codename": "change_logentry"}}, {"model": "auth.permission", "pk": 3, "fields": {"name": "Can delete log entry", "content_type": 1, "codename": "delete_logentry"}}, {"model": "auth.permission", "pk": 4, "fields": {"name": "Can add group", "content_type": 2, "codename": "add_group"}}, {"model": "auth.permission", "pk": 5, "fields": {"name": "Can change group", "content_type": 2, "codename": "change_group"}}, {"model": "auth.permission", "pk": 6, "fields": {"name": "Can delete group", "content_type": 2, "codename": "delete_group"}}, {"model": "auth.permission", "pk": 7, "fields": {"name": "Can add user", "content_type": 3, "codename": "add_user"}}, {"model": "auth.permission", "pk": 8, "fields": {"name": "Can change user", "content_type": 3, "codename": "change_user"}}, {"model": "auth.permission", "pk": 9, "fields": {"name": "Can delete user", "content_type": 3, "codename": "delete_user"}}, {"model": "auth.permission", "pk": 10, "fields": {"name": "Can add permission", "content_type": 4, "codename": "add_permission"}}, {"model": "auth.permission", "pk": 11, "fields": {"name": "Can change permission", "content_type": 4, "codename": "change_permission"}}, {"model": "auth.permission", "pk": 12, "fields": {"name": "Can delete permission", "content_type": 4, "codename": "delete_permission"}}, {"model": "auth.permission", "pk": 13, "fields": {"name": "Can add content type", "content_type": 5, "codename": "add_contenttype"}}, {"model": "auth.permission", "pk": 14, "fields": {"name": "Can change content type", "content_type": 5, "codename": "change_contenttype"}}, {"model": "auth.permission", "pk": 15, "fields": {"name": "Can delete content type", "content_type": 5, "codename": "delete_contenttype"}}, {"model": "auth.permission", "pk": 16, "fields": {"name": "Can add session", "content_type": 6, "codename": "add_session"}}, {"model": "auth.permission", "pk": 17, "fields": {"name": "Can change session", "content_type": 6, "codename": "change_session"}}, {"model": "auth.permission", "pk": 18, "fields": {"name": "Can delete session", "content_type": 6, "codename": "delete_session"}}, {"model": "auth.permission", "pk": 19, "fields": {"name": "Can add nota", "content_type": 7, "codename": "add_nota"}}, {"model": "auth.permission", "pk": 20, "fields": {"name": "Can change nota", "content_type": 7, "codename": "change_nota"}}, {"model": "auth.permission", "pk": 21, "fields": {"name": "Can delete nota", "content_type": 7, "codename": "delete_nota"}}, {"model": "auth.permission", "pk": 22, "fields": {"name": "Can add deposito", "content_type": 8, "codename": "add_deposito"}}, {"model": "auth.permission", "pk": 23, "fields": {"name": "Can change deposito", "content_type": 8, "codename": "change_deposito"}}, {"model": "auth.permission", "pk": 24, "fields": {"name": "Can delete deposito", "content_type": 8, "codename": "delete_deposito"}}, {"model": "auth.permission", "pk": 25, "fields": {"name": "Can add user query", "content_type": 9, "codename": "add_userquery"}}, {"model": "auth.permission", "pk": 26, "fields": {"name": "Can change user query", "content_type": 9, "codename": "change_userquery"}}, {"model": "auth.permission", "pk": 27, "fields": {"name": "Can delete user query", "content_type": 9, "codename": "delete_userquery"}}, {"model": "auth.permission", "pk": 28, "fields": {"name": "Pode alterar notas", "content_type": 7, "codename": "can_change"}}, {"model": "auth.group", "pk": 1, "fields": {"name": "bassotoStaff", "permissions": [28]}}, {"model": "auth.group", "pk": 2, "fields": {"name": "bassotoUser", "permissions": []}}, {"model": "auth.user", "pk": 1, "fields": {"password": "pbkdf2_sha256$100000$Ttxro0bbHM0Z$pygbS8G/I2JJnNdSuo3Y7YmStVn/vX+Jdgcvz1WjWLM=", "last_login": "2018-04-20T02:19:19.994Z", "is_superuser": true, "username": "bassotouser", "first_name": "", "last_name": "", "email": "admin@construtorabassoto.com.br", "is_staff": true, "is_active": true, "date_joined": "2018-04-14T08:36:05.946Z", "groups": [], "user_permissions": []}}, {"model": "auth.user", "pk": 2, "fields": {"password": "pbkdf2_sha256$100000$xqhc2AYroyDE$KoI7AoE0YGhwHLx8jhbjDfHxDiNiggosjZIuX5v/ip4=", "last_login": "2018-04-22T05:19:47.815Z", "is_superuser": false, "username": "gabriela.venturini", "first_name": "Gabriela Eugenia", "last_name": "Ribeiro Venturini", "email": "contato@wanegocios.com.br", "is_staff": false, "is_active": true, "date_joined": "2018-04-19T08:39:09Z", "groups": [1], "user_permissions": []}}, {"model": "auth.user", "pk": 4, "fields": {"password": "pbkdf2_sha256$100000$QbWStkCpivBU$kwgJdRzsLwQm2BEbzs94+w0bf+8Ua7Q/IfmYmFj0iXo=", "last_login": "2018-04-20T03:00:22.527Z", "is_superuser": false, "username": "grupo.paulista", "first_name": "", "last_name": "", "email": "", "is_staff": false, "is_active": true, "date_joined": "2018-04-20T02:59:08Z", "groups": [2], "user_permissions": []}}, {"model": "admin.logentry", "pk": 1, "fields": {"action_time": "2018-04-19T04:19:33.263Z", "user": 1, "content_type": 2, "object_id": "1", "object_repr": "bassotoStaff", "action_flag": 1, "change_message": "[{\"added\": {}}]"}}, {"model": "admin.logentry", "pk": 2, "fields": {"action_time": "2018-04-19T04:19:39.821Z", "user": 1, "content_type": 2, "object_id": "2", "object_repr": "bassotoUser", "action_flag": 1, "change_message": "[{\"added\": {}}]"}}, {"model": "admin.logentry", "pk": 3, "fields": {"action_time": "2018-04-19T08:38:21.010Z", "user": 1, "content_type": 2, "object_id": "1", "object_repr": "bassotoStaff", "action_flag": 2, "change_message": "[]"}}, {"model": "admin.logentry", "pk": 4, "fields": {"action_time": "2018-04-19T08:39:10.046Z", "user": 1, "content_type": 3, "object_id": "2", "object_repr": "gabriela.venturini", "action_flag": 1, "change_message": "[{\"added\": {}}]"}}, {"model": "admin.logentry", "pk": 5, "fields": {"action_time": "2018-04-19T08:39:47.792Z", "user": 1, "content_type": 3, "object_id": "2", "object_repr": "gabriela.venturini", "action_flag": 2, "change_message": "[{\"changed\": {\"fields\": [\"first_name\", \"last_name\", \"email\", \"groups\"]}}]"}}, {"model": "admin.logentry", "pk": 6, "fields": {"action_time": "2018-04-19T08:40:23.149Z", "user": 1, "content_type": 3, "object_id": "3", "object_repr": "thomaslaw", "action_flag": 1, "change_message": "[{\"added\": {}}]"}}, {"model": "admin.logentry", "pk": 7, "fields": {"action_time": "2018-04-19T08:40:30.812Z", "user": 1, "content_type": 3, "object_id": "3", "object_repr": "thomaslaw", "action_flag": 2, "change_message": "[{\"changed\": {\"fields\": [\"groups\"]}}]"}}, {"model": "admin.logentry", "pk": 8, "fields": {"action_time": "2018-04-19T08:41:57.912Z", "user": 1, "content_type": 2, "object_id": "1", "object_repr": "bassotoStaff", "action_flag": 2, "change_message": "[{\"changed\": {\"fields\": [\"permissions\"]}}]"}}, {"model": "admin.logentry", "pk": 9, "fields": {"action_time": "2018-04-20T02:59:08.442Z", "user": 1, "content_type": 3, "object_id": "4", "object_repr": "grupo.paulista", "action_flag": 1, "change_message": "[{\"added\": {}}]"}}, {"model": "admin.logentry", "pk": 10, "fields": {"action_time": "2018-04-20T02:59:20.564Z", "user": 1, "content_type": 3, "object_id": "4", "object_repr": "grupo.paulista", "action_flag": 2, "change_message": "[{\"changed\": {\"fields\": [\"groups\"]}}]"}}, {"model": "admin.logentry", "pk": 11, "fields": {"action_time": "2018-04-20T02:59:40.587Z", "user": 1, "content_type": 3, "object_id": "3", "object_repr": "thomaslaw", "action_flag": 3, "change_message": ""}}]